optimizer,best,median,evals,wall_clock_s
GA,-0.0625,-0.0,5,0.123687744140625
TPE,-0.1875,0.015625,5,0.11822342872619629
CMA-ES,-0.140625,-0.078125,5,0.18216180801391602
MCTS-H,-0.3125,-0.015625,5,0.11609578132629395
