optimizer,best,median,evals,wall_clock_s
GA,0.0,0.0,5,0.005758762359619141
TPE,0.0,0.0,5,0.006074666976928711
CMA-ES,0.0,0.0,5,0.00988006591796875
MCTS-H,0.0,0.0,5,0.004985332489013672
