optimizer,best,median,evals,wall_clock_s
GA,-0.992145668190624,-0.992145668190624,5,0.0036695003509521484
TPE,-0.992145668190624,-0.992145668190624,5,0.0031249523162841797
CMA-ES,-0.9921456681906241,-0.992145668190624,5,0.006169795989990234
MCTS-H,-0.9921456681906238,-0.9921456681906238,5,0.0027480125427246094
