{"tick": 13, "node": "A1", "new_refractory_period": 2.600000000000001}
{"tick": 13, "node": "A2", "new_refractory_period": 2.7000000000000006}
{"tick": 13, "node": "A3", "new_refractory_period": 2.600000000000001}
{"tick": 14, "node": "B1", "new_refractory_period": 2.350000000000002}
{"tick": 14, "node": "B2", "new_refractory_period": 2.250000000000002}
{"tick": 14, "node": "B3", "new_refractory_period": 2.4000000000000017}
{"tick": 14, "node": "E", "new_refractory_period": 3.4000000000000017}
{"tick": 23, "node": "A1", "new_refractory_period": 2.3500000000000014}
{"tick": 23, "node": "A2", "new_refractory_period": 2.500000000000001}
{"tick": 23, "node": "A3", "new_refractory_period": 2.200000000000002}
{"tick": 24, "node": "B1", "new_refractory_period": 1.9500000000000028}
{"tick": 24, "node": "B2", "new_refractory_period": 1.7500000000000029}
{"tick": 24, "node": "B3", "new_refractory_period": 1.800000000000003}
{"tick": 30, "node": "D", "new_refractory_period": 2.4000000000000052}
{"tick": 33, "node": "A1", "new_refractory_period": 2.050000000000002}
{"tick": 33, "node": "A2", "new_refractory_period": 2.2500000000000013}
{"tick": 33, "node": "A3", "new_refractory_period": 1.9500000000000024}
{"tick": 34, "node": "B1", "new_refractory_period": 1.4500000000000024}
{"tick": 34, "node": "B2", "new_refractory_period": 1.1500000000000024}
{"tick": 34, "node": "B3", "new_refractory_period": 1.4000000000000026}
{"tick": 43, "node": "A1", "new_refractory_period": 1.800000000000002}
{"tick": 43, "node": "A2", "new_refractory_period": 2.0500000000000016}
{"tick": 43, "node": "A3", "new_refractory_period": 1.7500000000000022}
{"tick": 44, "node": "B1", "new_refractory_period": 1.050000000000002}
{"tick": 44, "node": "B2", "new_refractory_period": 1.0}
{"tick": 44, "node": "B3", "new_refractory_period": 1.0500000000000023}
{"tick": 53, "node": "A1", "new_refractory_period": 1.5500000000000018}
{"tick": 53, "node": "A2", "new_refractory_period": 1.8000000000000016}
{"tick": 53, "node": "A3", "new_refractory_period": 1.550000000000002}
{"tick": 54, "node": "B1", "new_refractory_period": 1.0}
{"tick": 54, "node": "B2", "new_refractory_period": 1.0}
{"tick": 54, "node": "B3", "new_refractory_period": 1.0}
{"tick": 63, "node": "A1", "new_refractory_period": 1.2500000000000016}
{"tick": 63, "node": "A2", "new_refractory_period": 1.6000000000000014}
{"tick": 63, "node": "A3", "new_refractory_period": 1.3500000000000019}
{"tick": 64, "node": "B1", "new_refractory_period": 1.0}
{"tick": 64, "node": "B2", "new_refractory_period": 1.0}
{"tick": 64, "node": "B3", "new_refractory_period": 1.0}
{"tick": 73, "node": "A1", "new_refractory_period": 1.0000000000000013}
{"tick": 73, "node": "A2", "new_refractory_period": 1.3500000000000012}
{"tick": 73, "node": "A3", "new_refractory_period": 1.1500000000000017}
{"tick": 74, "node": "B1", "new_refractory_period": 1.0}
{"tick": 74, "node": "B2", "new_refractory_period": 1.0}
{"tick": 74, "node": "B3", "new_refractory_period": 1.0}
{"tick": 83, "node": "A1", "new_refractory_period": 1.0}
{"tick": 83, "node": "A2", "new_refractory_period": 1.150000000000001}
{"tick": 83, "node": "A3", "new_refractory_period": 1.0}
{"tick": 84, "node": "B1", "new_refractory_period": 1.0}
{"tick": 84, "node": "B2", "new_refractory_period": 1.0}
{"tick": 84, "node": "B3", "new_refractory_period": 1.0}
{"tick": 90, "node": "C", "new_refractory_period": 1.0}
{"tick": 93, "node": "A1", "new_refractory_period": 1.0}
{"tick": 93, "node": "A2", "new_refractory_period": 1.0}
{"tick": 93, "node": "A3", "new_refractory_period": 1.0}
{"tick": 94, "node": "B1", "new_refractory_period": 1.0}
{"tick": 94, "node": "B2", "new_refractory_period": 1.0}
{"tick": 94, "node": "B3", "new_refractory_period": 1.0}
{"tick": 100, "node": "C", "new_refractory_period": 1.0}
