{"tick": 14, "node": "A1", "new_refractory_period": 1.9}
{"tick": 14, "node": "A2", "new_refractory_period": 1.9}
{"tick": 14, "node": "B", "new_refractory_period": 1.9}
{"tick": 14, "node": "C", "new_refractory_period": 2.9}
{"tick": 24, "node": "A1", "new_refractory_period": 1.7999999999999998}
{"tick": 24, "node": "A2", "new_refractory_period": 1.7999999999999998}
{"tick": 24, "node": "B", "new_refractory_period": 1.7999999999999998}
{"tick": 24, "node": "C", "new_refractory_period": 2.8}
{"tick": 34, "node": "A1", "new_refractory_period": 1.6999999999999997}
{"tick": 34, "node": "A2", "new_refractory_period": 1.6999999999999997}
{"tick": 34, "node": "B", "new_refractory_period": 1.6999999999999997}
{"tick": 34, "node": "C", "new_refractory_period": 2.6999999999999997}
{"tick": 44, "node": "A1", "new_refractory_period": 1.5999999999999996}
{"tick": 44, "node": "A2", "new_refractory_period": 1.5999999999999996}
{"tick": 44, "node": "B", "new_refractory_period": 1.5999999999999996}
{"tick": 44, "node": "C", "new_refractory_period": 2.5999999999999996}
{"tick": 54, "node": "A1", "new_refractory_period": 1.4999999999999996}
{"tick": 54, "node": "A2", "new_refractory_period": 1.4999999999999996}
{"tick": 54, "node": "B", "new_refractory_period": 1.4999999999999996}
{"tick": 54, "node": "C", "new_refractory_period": 2.4999999999999996}
{"tick": 64, "node": "A1", "new_refractory_period": 1.3999999999999995}
{"tick": 64, "node": "A2", "new_refractory_period": 1.3999999999999995}
{"tick": 64, "node": "B", "new_refractory_period": 1.3999999999999995}
{"tick": 64, "node": "C", "new_refractory_period": 2.3999999999999995}
{"tick": 74, "node": "A1", "new_refractory_period": 1.2999999999999994}
{"tick": 74, "node": "A2", "new_refractory_period": 1.2999999999999994}
{"tick": 74, "node": "B", "new_refractory_period": 1.2999999999999994}
{"tick": 74, "node": "C", "new_refractory_period": 2.2999999999999994}
{"tick": 84, "node": "A1", "new_refractory_period": 1.1999999999999993}
{"tick": 84, "node": "A2", "new_refractory_period": 1.1999999999999993}
{"tick": 84, "node": "B", "new_refractory_period": 1.1999999999999993}
{"tick": 84, "node": "C", "new_refractory_period": 2.1999999999999993}
{"tick": 94, "node": "A1", "new_refractory_period": 1.0999999999999992}
{"tick": 94, "node": "A2", "new_refractory_period": 1.0999999999999992}
{"tick": 94, "node": "B", "new_refractory_period": 1.0999999999999992}
{"tick": 94, "node": "C", "new_refractory_period": 2.099999999999999}
{"tick": 14, "node": "A1", "new_refractory_period": 2.9}
{"tick": 14, "node": "A2", "new_refractory_period": 2.9}
{"tick": 14, "node": "B1", "new_refractory_period": 2.9}
{"tick": 14, "node": "B2", "new_refractory_period": 2.9}
{"tick": 14, "node": "C", "new_refractory_period": 3.9}
{"tick": 14, "node": "D", "new_refractory_period": 3.9}
{"tick": 24, "node": "A1", "new_refractory_period": 2.8}
{"tick": 24, "node": "A2", "new_refractory_period": 2.8}
{"tick": 24, "node": "B1", "new_refractory_period": 2.8}
{"tick": 24, "node": "B2", "new_refractory_period": 2.8}
{"tick": 24, "node": "C", "new_refractory_period": 3.8}
{"tick": 24, "node": "D", "new_refractory_period": 3.8}
{"tick": 34, "node": "A1", "new_refractory_period": 2.6999999999999997}
{"tick": 34, "node": "A2", "new_refractory_period": 2.6999999999999997}
{"tick": 34, "node": "B1", "new_refractory_period": 2.6999999999999997}
{"tick": 34, "node": "B2", "new_refractory_period": 2.6999999999999997}
{"tick": 34, "node": "C", "new_refractory_period": 3.6999999999999997}
{"tick": 34, "node": "D", "new_refractory_period": 3.6999999999999997}
{"tick": 44, "node": "A1", "new_refractory_period": 2.5999999999999996}
{"tick": 44, "node": "A2", "new_refractory_period": 2.5999999999999996}
{"tick": 44, "node": "B1", "new_refractory_period": 2.5999999999999996}
{"tick": 44, "node": "B2", "new_refractory_period": 2.5999999999999996}
{"tick": 44, "node": "C", "new_refractory_period": 3.5999999999999996}
{"tick": 44, "node": "D", "new_refractory_period": 3.5999999999999996}
{"tick": 54, "node": "A1", "new_refractory_period": 2.4999999999999996}
{"tick": 54, "node": "A2", "new_refractory_period": 2.4999999999999996}
{"tick": 54, "node": "B1", "new_refractory_period": 2.4999999999999996}
{"tick": 54, "node": "B2", "new_refractory_period": 2.4999999999999996}
{"tick": 54, "node": "C", "new_refractory_period": 3.4999999999999996}
{"tick": 54, "node": "D", "new_refractory_period": 3.4999999999999996}
{"tick": 64, "node": "A1", "new_refractory_period": 2.3999999999999995}
{"tick": 64, "node": "A2", "new_refractory_period": 2.3999999999999995}
{"tick": 64, "node": "B1", "new_refractory_period": 2.3999999999999995}
{"tick": 64, "node": "B2", "new_refractory_period": 2.3999999999999995}
{"tick": 64, "node": "C", "new_refractory_period": 3.3999999999999995}
{"tick": 64, "node": "D", "new_refractory_period": 3.3999999999999995}
{"tick": 74, "node": "A1", "new_refractory_period": 2.2999999999999994}
{"tick": 74, "node": "A2", "new_refractory_period": 2.2999999999999994}
{"tick": 74, "node": "B1", "new_refractory_period": 2.2999999999999994}
{"tick": 74, "node": "B2", "new_refractory_period": 2.2999999999999994}
{"tick": 74, "node": "C", "new_refractory_period": 3.2999999999999994}
{"tick": 74, "node": "D", "new_refractory_period": 3.2999999999999994}
{"tick": 84, "node": "A1", "new_refractory_period": 2.1999999999999993}
{"tick": 84, "node": "A2", "new_refractory_period": 2.1999999999999993}
{"tick": 84, "node": "B1", "new_refractory_period": 2.1999999999999993}
{"tick": 84, "node": "B2", "new_refractory_period": 2.1999999999999993}
{"tick": 84, "node": "C", "new_refractory_period": 3.1999999999999993}
{"tick": 84, "node": "D", "new_refractory_period": 3.1999999999999993}
{"tick": 94, "node": "A1", "new_refractory_period": 2.099999999999999}
{"tick": 94, "node": "A2", "new_refractory_period": 2.099999999999999}
{"tick": 94, "node": "B1", "new_refractory_period": 2.099999999999999}
{"tick": 94, "node": "B2", "new_refractory_period": 2.099999999999999}
{"tick": 94, "node": "C", "new_refractory_period": 3.099999999999999}
{"tick": 94, "node": "D", "new_refractory_period": 3.099999999999999}
